sid,mapping_rate,internal/external,location,catalog
ERR3451481,0.958838442573855,external,non-Chinese sample,UHGG
ERR3450993,0.9692965263334256,external,non-Chinese sample,UHGG
ERR3450868,0.9637055346338047,external,non-Chinese sample,UHGG
ERR3451041,0.9511067440991114,external,non-Chinese sample,UHGG
ERR3451294,0.9651071013956664,external,non-Chinese sample,UHGG
ERR3450912,0.9491712486449817,external,non-Chinese sample,UHGG
ERR3450719,0.9556186781384964,external,non-Chinese sample,UHGG
ERR3450834,0.9762629820792346,external,non-Chinese sample,UHGG
ERR3450888,0.967711126546298,external,non-Chinese sample,UHGG
ERR3451038,0.9531548512260183,external,non-Chinese sample,UHGG
ERR3451271,0.9505315650912532,external,non-Chinese sample,UHGG
ERR3451049,0.9649888551180831,external,non-Chinese sample,UHGG
ERR3451000,0.9539084201340853,external,non-Chinese sample,UHGG
ERR3451101,0.9671493363099556,external,non-Chinese sample,UHGG
ERR3451151,0.9634893795479481,external,non-Chinese sample,UHGG
ERR3451608,0.9370411287271911,external,non-Chinese sample,UHGG
ERR3451394,0.9660148493432104,external,non-Chinese sample,UHGG
ERR3451486,0.9620546025774424,external,non-Chinese sample,UHGG
ERR3451230,0.9833235680606014,external,non-Chinese sample,UHGG
ERR3451057,0.9638370519250764,external,non-Chinese sample,UHGG
ERR3451019,0.9571471628093368,external,non-Chinese sample,UHGG
ERR3451109,0.9490949550660835,external,non-Chinese sample,UHGG
ERR3451462,0.9685158770088078,external,non-Chinese sample,UHGG
ERR3450753,0.9557029494876492,external,non-Chinese sample,UHGG
ERR3450618,0.9465735878425361,external,non-Chinese sample,UHGG
ERR3451467,0.9401493695430565,external,non-Chinese sample,UHGG
ERR3450806,0.9569228900809419,external,non-Chinese sample,UHGG
ERR3451485,0.9043923829197947,external,non-Chinese sample,UHGG
ERR3451595,0.925607615605643,external,non-Chinese sample,UHGG
ERR3451200,0.9653311869591841,external,non-Chinese sample,UHGG
ERR3451298,0.9325587552266252,external,non-Chinese sample,UHGG
ERR3451227,0.9565292782187,external,non-Chinese sample,UHGG
ERR3451078,0.9551794597006121,external,non-Chinese sample,UHGG
ERR3450918,0.9629744212516218,external,non-Chinese sample,UHGG
ERR3451471,0.9524118426013717,external,non-Chinese sample,UHGG
ERR3450863,0.9678926668631012,external,non-Chinese sample,UHGG
ERR3450690,0.9404521433799392,external,non-Chinese sample,UHGG
ERR3450692,0.9863495064616195,external,non-Chinese sample,UHGG
ERR3451124,0.96038470336982,external,non-Chinese sample,UHGG
ERR3451218,0.9705607539388542,external,non-Chinese sample,UHGG
ERR3451309,0.9594391745785046,external,non-Chinese sample,UHGG
ERR3450784,0.965617895122334,external,non-Chinese sample,UHGG
ERR3450822,0.9538867324915038,external,non-Chinese sample,UHGG
ERR3451366,0.9558327531463918,external,non-Chinese sample,UHGG
ERR3451274,0.9672842184731849,external,non-Chinese sample,UHGG
ERR3451060,0.9503010925504002,external,non-Chinese sample,UHGG
ERR3450984,0.9640059215811012,external,non-Chinese sample,UHGG
ERR3451437,0.9541603571429041,external,non-Chinese sample,UHGG
ERR3451428,0.9690041439433031,external,non-Chinese sample,UHGG
ERR3451056,0.9771843762701599,external,non-Chinese sample,UHGG
ERR3450899,0.9332346008201321,external,non-Chinese sample,UHGG
ERR3451320,0.9688479047213752,external,non-Chinese sample,UHGG
ERR3451082,0.9661616362225849,external,non-Chinese sample,UHGG
ERR3450856,0.9558384529617043,external,non-Chinese sample,UHGG
ERR3451143,0.9596238658169708,external,non-Chinese sample,UHGG
ERR3451535,0.8785885690275187,external,non-Chinese sample,UHGG
ERR3451464,0.932766314938685,external,non-Chinese sample,UHGG
ERR3451287,0.9658831163847145,external,non-Chinese sample,UHGG
ERR3451516,0.961661861269341,external,non-Chinese sample,UHGG
ERR3451543,0.9623201781701973,external,non-Chinese sample,UHGG
ERR3451489,0.9345093528168711,external,non-Chinese sample,UHGG
ERR3451054,0.9608196586717564,external,non-Chinese sample,UHGG
ERR3451440,0.9175289855983848,external,non-Chinese sample,UHGG
ERR3450672,0.9381281068358186,external,non-Chinese sample,UHGG
ERR3451495,0.9585581365313198,external,non-Chinese sample,UHGG
ERR3451035,0.9564772407740317,external,non-Chinese sample,UHGG
ERR3451541,0.9267392697124294,external,non-Chinese sample,UHGG
ERR3645028,0.9525705605404015,external,non-Chinese sample,UHGG
ERR3450680,0.9702521058351862,external,non-Chinese sample,UHGG
ERR3451436,0.9585080968540017,external,non-Chinese sample,UHGG
ERR3451201,0.969348436623132,external,non-Chinese sample,UHGG
ERR3451533,0.9718106309084625,external,non-Chinese sample,UHGG
ERR3451055,0.9579456693519873,external,non-Chinese sample,UHGG
ERR3451136,0.9519219849079826,external,non-Chinese sample,UHGG
ERR3451253,0.9649627724152285,external,non-Chinese sample,UHGG
ERR3451504,0.9639500618843451,external,non-Chinese sample,UHGG
ERR3450832,0.9428889967077444,external,non-Chinese sample,UHGG
ERR3451331,0.9052692169011123,external,non-Chinese sample,UHGG
ERR3451181,0.9541078847355988,external,non-Chinese sample,UHGG
ERR3450762,0.9430998729003988,external,non-Chinese sample,UHGG
ERR3451170,0.950546717434849,external,non-Chinese sample,UHGG
ERR3451313,0.9668043969213712,external,non-Chinese sample,UHGG
ERR3451303,0.952796063759425,external,non-Chinese sample,UHGG
ERR3450643,0.9769970244409846,external,non-Chinese sample,UHGG
ERR3450722,0.935421649936547,external,non-Chinese sample,UHGG
ERR3450909,0.9637247376860594,external,non-Chinese sample,UHGG
ERR3451370,0.9619652453437815,external,non-Chinese sample,UHGG
ERR3450704,0.9591845469578999,external,non-Chinese sample,UHGG
ERR3450928,0.9615713494635513,external,non-Chinese sample,UHGG
ERR3451435,0.9446661030023884,external,non-Chinese sample,UHGG
ERR3451278,0.9654874338597981,external,non-Chinese sample,UHGG
ERR3451284,0.95241372034471,external,non-Chinese sample,UHGG
ERR3450903,0.9641248125304476,external,non-Chinese sample,UHGG
ERR3451152,0.9336130795456336,external,non-Chinese sample,UHGG
ERR3451604,0.963274320657557,external,non-Chinese sample,UHGG
ERR3451122,0.9503266934319882,external,non-Chinese sample,UHGG
ERR3451176,0.9594861349672035,external,non-Chinese sample,UHGG
ERR3451247,0.9065753540282214,external,non-Chinese sample,UHGG
ERR3451288,0.9660499056227352,external,non-Chinese sample,UHGG
ERR3451167,0.9634438159252565,external,non-Chinese sample,UHGG
ERR3451481,0.9619877691974574,external,non-Chinese sample,Ours
ERR3450993,0.9726664596832566,external,non-Chinese sample,Ours
ERR3450868,0.9703341022845636,external,non-Chinese sample,Ours
ERR3451041,0.9551654224509982,external,non-Chinese sample,Ours
ERR3451294,0.9668303694536328,external,non-Chinese sample,Ours
ERR3450912,0.9524827936472077,external,non-Chinese sample,Ours
ERR3450719,0.9585295343829833,external,non-Chinese sample,Ours
ERR3450834,0.9779475902972187,external,non-Chinese sample,Ours
ERR3450888,0.970680033738387,external,non-Chinese sample,Ours
ERR3451038,0.9566050188139005,external,non-Chinese sample,Ours
ERR3451271,0.9601852161566082,external,non-Chinese sample,Ours
ERR3451049,0.9681794125711637,external,non-Chinese sample,Ours
ERR3451000,0.9544498486660837,external,non-Chinese sample,Ours
ERR3451101,0.9707873321820566,external,non-Chinese sample,Ours
ERR3451151,0.9663186514387184,external,non-Chinese sample,Ours
ERR3451608,0.9392492013870748,external,non-Chinese sample,Ours
ERR3451394,0.9684751334296116,external,non-Chinese sample,Ours
ERR3451486,0.9644513874697148,external,non-Chinese sample,Ours
ERR3451230,0.9845265362912576,external,non-Chinese sample,Ours
ERR3451057,0.9662210137026471,external,non-Chinese sample,Ours
ERR3451019,0.9614982450962897,external,non-Chinese sample,Ours
ERR3451109,0.9519493932303099,external,non-Chinese sample,Ours
ERR3451462,0.9722864455413524,external,non-Chinese sample,Ours
ERR3450753,0.957975839204365,external,non-Chinese sample,Ours
ERR3450618,0.9509453645696918,external,non-Chinese sample,Ours
ERR3451467,0.9462535559612134,external,non-Chinese sample,Ours
ERR3450806,0.9588605017558728,external,non-Chinese sample,Ours
ERR3451485,0.9091690211415444,external,non-Chinese sample,Ours
ERR3451595,0.9306310292681367,external,non-Chinese sample,Ours
ERR3451200,0.9668467887528833,external,non-Chinese sample,Ours
ERR3451298,0.9365976721268923,external,non-Chinese sample,Ours
ERR3451227,0.960526772978375,external,non-Chinese sample,Ours
ERR3451078,0.9593186702200508,external,non-Chinese sample,Ours
ERR3450918,0.9659055808646867,external,non-Chinese sample,Ours
ERR3451471,0.9568053225119466,external,non-Chinese sample,Ours
ERR3450863,0.969187831686765,external,non-Chinese sample,Ours
ERR3450690,0.9435904576848085,external,non-Chinese sample,Ours
ERR3450692,0.9894710359184263,external,non-Chinese sample,Ours
ERR3451124,0.9648635676708233,external,non-Chinese sample,Ours
ERR3451218,0.9747533670751712,external,non-Chinese sample,Ours
ERR3451309,0.9654109580362875,external,non-Chinese sample,Ours
ERR3450784,0.9695404451663826,external,non-Chinese sample,Ours
ERR3450822,0.9560252549597941,external,non-Chinese sample,Ours
ERR3451366,0.9585192718656013,external,non-Chinese sample,Ours
ERR3451274,0.9703884771015187,external,non-Chinese sample,Ours
ERR3451060,0.9561604928517655,external,non-Chinese sample,Ours
ERR3450984,0.9653765023157078,external,non-Chinese sample,Ours
ERR3451437,0.9545535400204486,external,non-Chinese sample,Ours
ERR3451428,0.9722777467851964,external,non-Chinese sample,Ours
ERR3451056,0.9798075003288343,external,non-Chinese sample,Ours
ERR3450899,0.9390291295026565,external,non-Chinese sample,Ours
ERR3451320,0.9728190915559887,external,non-Chinese sample,Ours
ERR3451082,0.9682018441886814,external,non-Chinese sample,Ours
ERR3450856,0.9586456387572535,external,non-Chinese sample,Ours
ERR3451143,0.962594806477234,external,non-Chinese sample,Ours
ERR3451535,0.8858585791394009,external,non-Chinese sample,Ours
ERR3451464,0.9374302452690569,external,non-Chinese sample,Ours
ERR3451287,0.9680430833077455,external,non-Chinese sample,Ours
ERR3451516,0.9662833103301088,external,non-Chinese sample,Ours
ERR3451543,0.9716606407140886,external,non-Chinese sample,Ours
ERR3451489,0.9372383694180257,external,non-Chinese sample,Ours
ERR3451054,0.964365575834467,external,non-Chinese sample,Ours
ERR3451440,0.9209434440373264,external,non-Chinese sample,Ours
ERR3450672,0.9402482626416023,external,non-Chinese sample,Ours
ERR3451495,0.9609441734315433,external,non-Chinese sample,Ours
ERR3451035,0.9586777942214159,external,non-Chinese sample,Ours
ERR3451541,0.9304881091868856,external,non-Chinese sample,Ours
ERR3645028,0.9561412489360434,external,non-Chinese sample,Ours
ERR3450680,0.9751408505766255,external,non-Chinese sample,Ours
ERR3451436,0.961959873811414,external,non-Chinese sample,Ours
ERR3451201,0.9705107155996738,external,non-Chinese sample,Ours
ERR3451533,0.9739384208409552,external,non-Chinese sample,Ours
ERR3451055,0.9621463355936304,external,non-Chinese sample,Ours
ERR3451136,0.9571970314698368,external,non-Chinese sample,Ours
ERR3451253,0.9674078731570448,external,non-Chinese sample,Ours
ERR3451504,0.9660018137377183,external,non-Chinese sample,Ours
ERR3450832,0.9469035820805419,external,non-Chinese sample,Ours
ERR3451331,0.9141972569319419,external,non-Chinese sample,Ours
ERR3451181,0.9572272594002224,external,non-Chinese sample,Ours
ERR3450762,0.9453100139718235,external,non-Chinese sample,Ours
ERR3451170,0.9554227331716652,external,non-Chinese sample,Ours
ERR3451313,0.9695205712835603,external,non-Chinese sample,Ours
ERR3451303,0.9543824295982601,external,non-Chinese sample,Ours
ERR3450643,0.9795989783538936,external,non-Chinese sample,Ours
ERR3450722,0.9389237988735193,external,non-Chinese sample,Ours
ERR3450909,0.9703990817306366,external,non-Chinese sample,Ours
ERR3451370,0.9669231448171678,external,non-Chinese sample,Ours
ERR3450704,0.9608227771440148,external,non-Chinese sample,Ours
ERR3450928,0.9614057654154474,external,non-Chinese sample,Ours
ERR3451435,0.9480000691481144,external,non-Chinese sample,Ours
ERR3451278,0.97007194076988,external,non-Chinese sample,Ours
ERR3451284,0.9615414225619608,external,non-Chinese sample,Ours
ERR3450903,0.9668566920683536,external,non-Chinese sample,Ours
ERR3451152,0.9363895442428662,external,non-Chinese sample,Ours
ERR3451604,0.9643878203292973,external,non-Chinese sample,Ours
ERR3451122,0.9554994188042654,external,non-Chinese sample,Ours
ERR3451176,0.9644373868836963,external,non-Chinese sample,Ours
ERR3451247,0.9124308124859062,external,non-Chinese sample,Ours
ERR3451288,0.9695150278700355,external,non-Chinese sample,Ours
ERR3451167,0.966436542176508,external,non-Chinese sample,Ours
HK0030,0.9187970757305103,external,Chinese sample,UHGG
HK0055,0.9484834095875356,external,Chinese sample,UHGG
HK0042,0.9756975079500305,external,Chinese sample,UHGG
HK0019,0.9311928410732353,external,Chinese sample,UHGG
HK0006,0.9391282748758474,external,Chinese sample,UHGG
HK0089,0.8430427581835988,external,Chinese sample,UHGG
HK0090,0.9601723358059282,external,Chinese sample,UHGG
HK0005,0.35252340347742966,external,Chinese sample,UHGG
HK0028,0.9238000018652738,external,Chinese sample,UHGG
HK0065,0.9484112049998811,external,Chinese sample,UHGG
HK0040,0.9549858049620013,external,Chinese sample,UHGG
HK0079,0.9759996099094969,external,Chinese sample,UHGG
HK0049,0.9271432919501692,external,Chinese sample,UHGG
HK0008,0.870992912304933,external,Chinese sample,UHGG
HK0020,0.9040723958885339,external,Chinese sample,UHGG
HK0076,0.9292305018117235,external,Chinese sample,UHGG
HK0048,0.9477485067012557,external,Chinese sample,UHGG
HK0012,0.9447805376112878,external,Chinese sample,UHGG
HK0075,0.9332929262074129,external,Chinese sample,UHGG
HK0023,0.9356353424668542,external,Chinese sample,UHGG
HK0002,0.879918440972185,external,Chinese sample,UHGG
HK0038,0.8902544313443612,external,Chinese sample,UHGG
HK0053,0.9350085203175188,external,Chinese sample,UHGG
HK0073,0.9271220228252223,external,Chinese sample,UHGG
HK0077,0.9684777438380258,external,Chinese sample,UHGG
HK0071,0.9309552542325061,external,Chinese sample,UHGG
HK0054,0.9413859932003233,external,Chinese sample,UHGG
HK0085,0.8500229641707018,external,Chinese sample,UHGG
HK0007,0.9560559928188435,external,Chinese sample,UHGG
HK0088,0.867641382633129,external,Chinese sample,UHGG
HK0024,0.9578844516268911,external,Chinese sample,UHGG
HK0031,0.9518907142385817,external,Chinese sample,UHGG
HK0045,0.9340990189230034,external,Chinese sample,UHGG
HK0070,0.8956603871709048,external,Chinese sample,UHGG
HK0074,0.9291687702336247,external,Chinese sample,UHGG
HK0034,0.957430316760344,external,Chinese sample,UHGG
HK0033,0.9384203929190396,external,Chinese sample,UHGG
HK0052,0.9094836862975858,external,Chinese sample,UHGG
HK0084,0.9505873138875642,external,Chinese sample,UHGG
HK0029,0.899831297407102,external,Chinese sample,UHGG
HK0021,0.826186438682078,external,Chinese sample,UHGG
HC0005,0.8891593124846492,external,Chinese sample,UHGG
HK0043,0.9158868329806307,external,Chinese sample,UHGG
HC0007,0.918244017639779,external,Chinese sample,UHGG
HK0072,0.9328368292434137,external,Chinese sample,UHGG
HC0002,0.9441888068176088,external,Chinese sample,UHGG
HK0017,0.9639775909471214,external,Chinese sample,UHGG
HK0001,0.8561863853285192,external,Chinese sample,UHGG
HK0062,0.9332203290068855,external,Chinese sample,UHGG
HK0082,0.8650544958754269,external,Chinese sample,UHGG
HK0051,0.9625509420027596,external,Chinese sample,UHGG
HK0014,0.9712157467729232,external,Chinese sample,UHGG
HK0036,0.9398282878224736,external,Chinese sample,UHGG
HK0037,0.980667043475716,external,Chinese sample,UHGG
HK0016,0.9189254883551105,external,Chinese sample,UHGG
HK0067,0.9031924836225981,external,Chinese sample,UHGG
HK0092,0.8488586387767587,external,Chinese sample,UHGG
HK0083,0.9546536873855896,external,Chinese sample,UHGG
HK0056,0.9290491545694174,external,Chinese sample,UHGG
HK0018,0.8613063877556575,external,Chinese sample,UHGG
HK0004,0.9578448184485259,external,Chinese sample,UHGG
HK0066,0.9410436324171637,external,Chinese sample,UHGG
HK0032,0.9380902757958862,external,Chinese sample,UHGG
HK0041,0.8903266147147366,external,Chinese sample,UHGG
HK0069,0.9397072385981606,external,Chinese sample,UHGG
HK0059,0.885754074074074,external,Chinese sample,UHGG
HK0087,0.9129111526797512,external,Chinese sample,UHGG
HK0061,0.9533038365306058,external,Chinese sample,UHGG
HK0080,0.8763604341581362,external,Chinese sample,UHGG
HC0006,0.9048347782550619,external,Chinese sample,UHGG
HK0044,0.9550146138087175,external,Chinese sample,UHGG
HK0078,0.7721679547630428,external,Chinese sample,UHGG
HK0046,0.9691619525173286,external,Chinese sample,UHGG
HC0003,0.9404526445064657,external,Chinese sample,UHGG
HK0047,0.5854927916275157,external,Chinese sample,UHGG
HC0004,0.9375542572453032,external,Chinese sample,UHGG
HK0063,0.9145566574616103,external,Chinese sample,UHGG
HK0025,0.9561250677307814,external,Chinese sample,UHGG
HK0060,0.9619849204623221,external,Chinese sample,UHGG
K0252,0.8931865741532206,external,Chinese sample,UHGG
K0271,0.9331569328782564,external,Chinese sample,UHGG
K0258,0.9748124153244988,external,Chinese sample,UHGG
C0113,0.9492123582259888,external,Chinese sample,UHGG
C0115,0.9452616487995519,external,Chinese sample,UHGG
K0004,0.9587880946169226,external,Chinese sample,UHGG
K0014,0.9546138434404438,external,Chinese sample,UHGG
K0179,0.9003707191371649,external,Chinese sample,UHGG
C0048,0.9517218168010564,external,Chinese sample,UHGG
K0158,0.9192756939628225,external,Chinese sample,UHGG
C0019,0.9273306946524507,external,Chinese sample,UHGG
C0006,0.9728962798370938,external,Chinese sample,UHGG
C0057,0.9068432742977628,external,Chinese sample,UHGG
K0122,0.9125352572715191,external,Chinese sample,UHGG
0011,0.9186016596694815,external,Chinese sample,UHGG
C0066,0.9630760159033809,external,Chinese sample,UHGG
C0026,0.8862812587794016,external,Chinese sample,UHGG
C0162,0.8897489052544252,external,Chinese sample,UHGG
K0148,0.9461932090612395,external,Chinese sample,UHGG
C0078,0.9579573076918384,external,Chinese sample,UHGG
C0079,0.435617989785379,external,Chinese sample,UHGG
HK0030,0.9268972506096138,external,Chinese sample,Ours
HK0055,0.9519592519749764,external,Chinese sample,Ours
HK0042,0.9603119592493361,external,Chinese sample,Ours
HK0019,0.935795702518105,external,Chinese sample,Ours
HK0006,0.9433009702209477,external,Chinese sample,Ours
HK0089,0.8497311472405538,external,Chinese sample,Ours
HK0090,0.9633684823269194,external,Chinese sample,Ours
HK0005,0.3760417862942289,external,Chinese sample,Ours
HK0028,0.9370072701074635,external,Chinese sample,Ours
HK0065,0.9514908022002446,external,Chinese sample,Ours
HK0040,0.9653771104729448,external,Chinese sample,Ours
HK0079,0.9789971427308324,external,Chinese sample,Ours
HK0049,0.9329547421795262,external,Chinese sample,Ours
HK0008,0.8822708149772832,external,Chinese sample,Ours
HK0020,0.9149993328614472,external,Chinese sample,Ours
HK0076,0.9421378287634475,external,Chinese sample,Ours
HK0048,0.9530876682380074,external,Chinese sample,Ours
HK0012,0.9490534089125224,external,Chinese sample,Ours
HK0075,0.9407729299949691,external,Chinese sample,Ours
HK0023,0.9430252465499085,external,Chinese sample,Ours
HK0002,0.850498412189369,external,Chinese sample,Ours
HK0038,0.8957892162291241,external,Chinese sample,Ours
HK0053,0.9401892675501886,external,Chinese sample,Ours
HK0073,0.9346908047539766,external,Chinese sample,Ours
HK0077,0.9735230237603258,external,Chinese sample,Ours
HK0071,0.9332993109480144,external,Chinese sample,Ours
HK0054,0.9464584932281119,external,Chinese sample,Ours
HK0085,0.8582875571530169,external,Chinese sample,Ours
HK0007,0.9606885711508678,external,Chinese sample,Ours
HK0088,0.8706977874390909,external,Chinese sample,Ours
HK0024,0.9603257315633047,external,Chinese sample,Ours
HK0031,0.9557199199193298,external,Chinese sample,Ours
HK0045,0.9436342439716893,external,Chinese sample,Ours
HK0070,0.9047437445967945,external,Chinese sample,Ours
HK0074,0.9421703783302909,external,Chinese sample,Ours
HK0034,0.9607420231980575,external,Chinese sample,Ours
HK0033,0.9428623328963213,external,Chinese sample,Ours
HK0052,0.9126418894854016,external,Chinese sample,Ours
HK0084,0.9565760279234886,external,Chinese sample,Ours
HK0029,0.9056675026055415,external,Chinese sample,Ours
HK0021,0.8357402537890499,external,Chinese sample,Ours
HC0005,0.8953982185552954,external,Chinese sample,Ours
HK0043,0.9212893903393163,external,Chinese sample,Ours
HC0007,0.9212346840861518,external,Chinese sample,Ours
HK0072,0.9351475714335663,external,Chinese sample,Ours
HC0002,0.9508652807450708,external,Chinese sample,Ours
HK0017,0.9666822631086708,external,Chinese sample,Ours
HK0001,0.8622827110530075,external,Chinese sample,Ours
HK0062,0.9448689217509594,external,Chinese sample,Ours
HK0082,0.8774771243011718,external,Chinese sample,Ours
HK0051,0.971663015057429,external,Chinese sample,Ours
HK0014,0.9760608769231582,external,Chinese sample,Ours
HK0036,0.9392536806876205,external,Chinese sample,Ours
HK0037,0.9854563163362993,external,Chinese sample,Ours
HK0016,0.9287901311843101,external,Chinese sample,Ours
HK0067,0.9226347821151494,external,Chinese sample,Ours
HK0092,0.8537447149151676,external,Chinese sample,Ours
HK0083,0.9645191936430314,external,Chinese sample,Ours
HK0056,0.933582955926877,external,Chinese sample,Ours
HK0018,0.8733822974930485,external,Chinese sample,Ours
HK0004,0.9653411564583075,external,Chinese sample,Ours
HK0066,0.9432089668992301,external,Chinese sample,Ours
HK0032,0.9436522220314127,external,Chinese sample,Ours
HK0041,0.8831887682168612,external,Chinese sample,Ours
HK0069,0.9473829064359853,external,Chinese sample,Ours
HK0059,0.8909384201901016,external,Chinese sample,Ours
HK0087,0.9338633832663387,external,Chinese sample,Ours
HK0061,0.9570086431277557,external,Chinese sample,Ours
HK0080,0.8816748057631358,external,Chinese sample,Ours
HC0006,0.9070315874311964,external,Chinese sample,Ours
HK0044,0.9614833949627766,external,Chinese sample,Ours
HK0078,0.7799047280308674,external,Chinese sample,Ours
HK0046,0.9714510451570302,external,Chinese sample,Ours
HC0003,0.9489018036513919,external,Chinese sample,Ours
HK0047,0.5988242902691886,external,Chinese sample,Ours
HC0004,0.9444639145852842,external,Chinese sample,Ours
HK0063,0.9098591834111082,external,Chinese sample,Ours
HK0025,0.9478791063128403,external,Chinese sample,Ours
HK0060,0.9642082741229006,external,Chinese sample,Ours
K0252,0.8979332507918815,external,Chinese sample,Ours
K0271,0.9437271311222637,external,Chinese sample,Ours
K0258,0.9771993530656845,external,Chinese sample,Ours
C0113,0.9587001184902658,external,Chinese sample,Ours
C0115,0.9508657951799374,external,Chinese sample,Ours
K0004,0.964556632488608,external,Chinese sample,Ours
K0014,0.9624872964919742,external,Chinese sample,Ours
K0179,0.908934920788222,external,Chinese sample,Ours
C0048,0.9566346223478949,external,Chinese sample,Ours
K0158,0.9320288321888066,external,Chinese sample,Ours
C0019,0.9356903156785358,external,Chinese sample,Ours
C0006,0.9770043207288406,external,Chinese sample,Ours
C0057,0.9169167008819834,external,Chinese sample,Ours
K0122,0.91859958898945,external,Chinese sample,Ours
0011,0.9269911270372605,external,Chinese sample,Ours
C0066,0.9690990643986929,external,Chinese sample,Ours
C0026,0.8927608989515432,external,Chinese sample,Ours
C0162,0.8901806462769812,external,Chinese sample,Ours
K0148,0.9560832410917834,external,Chinese sample,Ours
C0078,0.9621430572992076,external,Chinese sample,Ours
C0079,0.4331728910124208,external,Chinese sample,Ours
sample_1319,0.8954275510537142,internal,non-Chinese sample,UHGG
sample_10280,0.8934160170951492,internal,non-Chinese sample,UHGG
sample_4468,0.8961905355055233,internal,non-Chinese sample,UHGG
sample_2446,0.8737189294397746,internal,non-Chinese sample,UHGG
sample_1028,0.911735509263716,internal,non-Chinese sample,UHGG
sample_10150,0.9132382414333634,internal,non-Chinese sample,UHGG
sample_4271,0.8465023397542705,internal,non-Chinese sample,UHGG
sample_4252,0.8283191975243983,internal,non-Chinese sample,UHGG
sample_1562,0.8687401175682696,internal,non-Chinese sample,UHGG
sample_10356,0.9296252973036172,internal,non-Chinese sample,UHGG
sample_10257,0.8739053192230076,internal,non-Chinese sample,UHGG
sample_2047,0.9375601132402073,internal,non-Chinese sample,UHGG
sample_4245,0.8646088623699792,internal,non-Chinese sample,UHGG
sample_4078,0.8996368724031729,internal,non-Chinese sample,UHGG
sample_1532,0.9469913521265421,internal,non-Chinese sample,UHGG
sample_613,0.8940293310503451,internal,non-Chinese sample,UHGG
sample_6999,0.9312295652940467,internal,non-Chinese sample,UHGG
sample_6888,0.9256241949476525,internal,non-Chinese sample,UHGG
sample_635,0.8719873759102377,internal,non-Chinese sample,UHGG
sample_10426,0.8554758455082715,internal,non-Chinese sample,UHGG
sample_10342,0.9034287595796512,internal,non-Chinese sample,UHGG
sample_6660,0.8814604376570714,internal,non-Chinese sample,UHGG
sample_529,0.9198104998448013,internal,non-Chinese sample,UHGG
sample_1484,0.8938345446275093,internal,non-Chinese sample,UHGG
sample_3401,0.8714651953329732,internal,non-Chinese sample,UHGG
sample_4464,0.9260874788879483,internal,non-Chinese sample,UHGG
sample_1806,0.8664425637998517,internal,non-Chinese sample,UHGG
sample_6992,0.8783488561903547,internal,non-Chinese sample,UHGG
sample_4675,0.9296988071354706,internal,non-Chinese sample,UHGG
sample_729,0.9000402086327612,internal,non-Chinese sample,UHGG
sample_4095,0.8784910640660205,internal,non-Chinese sample,UHGG
sample_6201,0.9411288446939626,internal,non-Chinese sample,UHGG
sample_694,0.9200883988559876,internal,non-Chinese sample,UHGG
sample_2842,0.9115010725765764,internal,non-Chinese sample,UHGG
sample_4086,0.8737618589663888,internal,non-Chinese sample,UHGG
sample_3738,0.8971438678400591,internal,non-Chinese sample,UHGG
sample_2838,0.9287425467402817,internal,non-Chinese sample,UHGG
sample_10636,0.9260294681429635,internal,non-Chinese sample,UHGG
sample_962,0.9072724730131065,internal,non-Chinese sample,UHGG
sample_7150,0.9048291882010355,internal,non-Chinese sample,UHGG
sample_10547,0.8833466387697229,internal,non-Chinese sample,UHGG
sample_10296,0.9249331104529168,internal,non-Chinese sample,UHGG
sample_10568,0.8897529370851703,internal,non-Chinese sample,UHGG
sample_2450,0.9074469165424257,internal,non-Chinese sample,UHGG
sample_10497,0.8935424975208176,internal,non-Chinese sample,UHGG
sample_3274,0.8957649845925781,internal,non-Chinese sample,UHGG
sample_2445,0.8993956611592212,internal,non-Chinese sample,UHGG
sample_10468,0.852743947367989,internal,non-Chinese sample,UHGG
sample_3686,0.8981763931699267,internal,non-Chinese sample,UHGG
sample_6774,0.8727160717952355,internal,non-Chinese sample,UHGG
sample_10607,0.9271384380310759,internal,non-Chinese sample,UHGG
sample_2827,0.8694085423079547,internal,non-Chinese sample,UHGG
sample_2427,0.8877979636043415,internal,non-Chinese sample,UHGG
sample_10541,0.9211620723918776,internal,non-Chinese sample,UHGG
sample_4214,0.8934688699101581,internal,non-Chinese sample,UHGG
sample_4669,0.9111679947654872,internal,non-Chinese sample,UHGG
sample_10210,0.8712268353937092,internal,non-Chinese sample,UHGG
sample_10627,0.9276568230011017,internal,non-Chinese sample,UHGG
sample_10344,0.8668326137959946,internal,non-Chinese sample,UHGG
sample_951,0.9385727110878458,internal,non-Chinese sample,UHGG
sample_5523,0.9362769872936558,internal,non-Chinese sample,UHGG
sample_6663,0.9253581617347785,internal,non-Chinese sample,UHGG
sample_4657,0.5729541472382065,internal,non-Chinese sample,UHGG
sample_4919,0.8555292095972729,internal,non-Chinese sample,UHGG
sample_10449,0.9401653746434776,internal,non-Chinese sample,UHGG
sample_10171,0.8813451448403843,internal,non-Chinese sample,UHGG
sample_2062,0.9278163236558773,internal,non-Chinese sample,UHGG
sample_6664,0.9286890474485107,internal,non-Chinese sample,UHGG
sample_10415,0.9330963515224313,internal,non-Chinese sample,UHGG
sample_14,0.4244252423766071,internal,non-Chinese sample,UHGG
sample_4476,0.8795566721442608,internal,non-Chinese sample,UHGG
sample_695,0.8553536234555409,internal,non-Chinese sample,UHGG
sample_10,0.9059838209044638,internal,non-Chinese sample,UHGG
sample_6934,0.8893771301512563,internal,non-Chinese sample,UHGG
sample_4477,0.9408521369394753,internal,non-Chinese sample,UHGG
sample_1683,0.8884540367988767,internal,non-Chinese sample,UHGG
sample_5137,0.8755118946811852,internal,non-Chinese sample,UHGG
sample_10462,0.9371906033929842,internal,non-Chinese sample,UHGG
sample_5935,0.9298137020491539,internal,non-Chinese sample,UHGG
sample_3845,0.8648440219187209,internal,non-Chinese sample,UHGG
sample_3081,0.8669279395864277,internal,non-Chinese sample,UHGG
sample_10275,0.9133316880624291,internal,non-Chinese sample,UHGG
sample_2409,0.9011738173597431,internal,non-Chinese sample,UHGG
sample_10533,0.9330371504031992,internal,non-Chinese sample,UHGG
sample_6658,0.8227311277569502,internal,non-Chinese sample,UHGG
sample_3668,0.8834575915966721,internal,non-Chinese sample,UHGG
sample_1447,0.9184619386867485,internal,non-Chinese sample,UHGG
sample_870,0.9175883496637925,internal,non-Chinese sample,UHGG
sample_80,0.9360648747081857,internal,non-Chinese sample,UHGG
sample_4250,0.9375598034555216,internal,non-Chinese sample,UHGG
sample_2437,0.9163682080162568,internal,non-Chinese sample,UHGG
sample_10269,0.9391883974642281,internal,non-Chinese sample,UHGG
sample_10274,0.8633422481909813,internal,non-Chinese sample,UHGG
sample_523,0.9401964972234088,internal,non-Chinese sample,UHGG
sample_84,0.8854250896846532,internal,non-Chinese sample,UHGG
sample_10634,0.9086668057592915,internal,non-Chinese sample,UHGG
sample_2989,0.9250466600533953,internal,non-Chinese sample,UHGG
sample_1732,0.9315796054082879,internal,non-Chinese sample,UHGG
sample_5651,0.8745671825899289,internal,non-Chinese sample,UHGG
sample_1570,0.8704589994105362,internal,non-Chinese sample,UHGG
sample_1319,0.9168807193756725,internal,non-Chinese sample,Ours
sample_10280,0.9388778637730889,internal,non-Chinese sample,Ours
sample_4468,0.9293431342740159,internal,non-Chinese sample,Ours
sample_2446,0.9385631491822191,internal,non-Chinese sample,Ours
sample_1028,0.9111438018430603,internal,non-Chinese sample,Ours
sample_10150,0.9599931572848786,internal,non-Chinese sample,Ours
sample_4271,0.9290940588287565,internal,non-Chinese sample,Ours
sample_4252,0.9079007993922237,internal,non-Chinese sample,Ours
sample_1562,0.8831918458066694,internal,non-Chinese sample,Ours
sample_10356,0.9669090513973527,internal,non-Chinese sample,Ours
sample_10257,0.9436508410976433,internal,non-Chinese sample,Ours
sample_2047,0.9123200741701839,internal,non-Chinese sample,Ours
sample_4245,0.8696284852577022,internal,non-Chinese sample,Ours
sample_4078,0.9618324659021324,internal,non-Chinese sample,Ours
sample_1532,0.8678717652146648,internal,non-Chinese sample,Ours
sample_613,0.8840890565360767,internal,non-Chinese sample,Ours
sample_6999,0.9325984920542442,internal,non-Chinese sample,Ours
sample_6888,0.8719288334956982,internal,non-Chinese sample,Ours
sample_635,0.9484103377594462,internal,non-Chinese sample,Ours
sample_10426,0.9708108340351852,internal,non-Chinese sample,Ours
sample_10342,0.9605880290487767,internal,non-Chinese sample,Ours
sample_6660,0.9435795468330098,internal,non-Chinese sample,Ours
sample_529,0.9338028057974268,internal,non-Chinese sample,Ours
sample_1484,0.8569491300600235,internal,non-Chinese sample,Ours
sample_3401,0.8989231269995668,internal,non-Chinese sample,Ours
sample_4464,0.8326645151047732,internal,non-Chinese sample,Ours
sample_1806,0.9463839399823523,internal,non-Chinese sample,Ours
sample_6992,0.8993561157683637,internal,non-Chinese sample,Ours
sample_4675,0.7619673219798073,internal,non-Chinese sample,Ours
sample_729,0.8741552426647149,internal,non-Chinese sample,Ours
sample_4095,0.9362811764209408,internal,non-Chinese sample,Ours
sample_6201,0.9549255004081825,internal,non-Chinese sample,Ours
sample_694,0.9553144724826487,internal,non-Chinese sample,Ours
sample_2842,0.8521504511264444,internal,non-Chinese sample,Ours
sample_4086,0.9190079152931182,internal,non-Chinese sample,Ours
sample_3738,0.8844841438495166,internal,non-Chinese sample,Ours
sample_2838,0.9338412752219217,internal,non-Chinese sample,Ours
sample_10636,0.9959615598796583,internal,non-Chinese sample,Ours
sample_962,0.8812953753257725,internal,non-Chinese sample,Ours
sample_7150,0.8892260417913557,internal,non-Chinese sample,Ours
sample_10547,0.9725504473156479,internal,non-Chinese sample,Ours
sample_10296,0.9409911522079714,internal,non-Chinese sample,Ours
sample_10568,0.9712576615041371,internal,non-Chinese sample,Ours
sample_2450,0.8462526573994593,internal,non-Chinese sample,Ours
sample_10497,0.9709626208958855,internal,non-Chinese sample,Ours
sample_3274,0.8675944050878218,internal,non-Chinese sample,Ours
sample_2445,0.9292445526102301,internal,non-Chinese sample,Ours
sample_10468,0.9168831627574685,internal,non-Chinese sample,Ours
sample_3686,0.8894578419291398,internal,non-Chinese sample,Ours
sample_6774,0.8795150074858786,internal,non-Chinese sample,Ours
sample_10607,0.9952688775810259,internal,non-Chinese sample,Ours
sample_2827,0.8559289061058203,internal,non-Chinese sample,Ours
sample_2427,0.8946826405528745,internal,non-Chinese sample,Ours
sample_10541,0.960816520078398,internal,non-Chinese sample,Ours
sample_4214,0.9089926249051256,internal,non-Chinese sample,Ours
sample_4669,0.9465518695669431,internal,non-Chinese sample,Ours
sample_10210,0.9571056338940341,internal,non-Chinese sample,Ours
sample_10627,0.995570274007971,internal,non-Chinese sample,Ours
sample_10344,0.9705491512523486,internal,non-Chinese sample,Ours
sample_951,0.8934576076580445,internal,non-Chinese sample,Ours
sample_5523,0.8807156540471617,internal,non-Chinese sample,Ours
sample_6663,0.9448648688086826,internal,non-Chinese sample,Ours
sample_4657,0.9419881379678307,internal,non-Chinese sample,Ours
sample_4919,0.8599136006783984,internal,non-Chinese sample,Ours
sample_10449,0.9655297408072615,internal,non-Chinese sample,Ours
sample_10171,0.961420064899156,internal,non-Chinese sample,Ours
sample_2062,0.9067710122299805,internal,non-Chinese sample,Ours
sample_6664,0.9474991942695749,internal,non-Chinese sample,Ours
sample_10415,0.9378979294468099,internal,non-Chinese sample,Ours
sample_14,0.9395037014303304,internal,non-Chinese sample,Ours
sample_4476,0.9110417072782877,internal,non-Chinese sample,Ours
sample_695,0.9327652043668746,internal,non-Chinese sample,Ours
sample_10,0.41742806360000984,internal,non-Chinese sample,Ours
sample_6934,0.8955990754056331,internal,non-Chinese sample,Ours
sample_4477,0.9370919609394566,internal,non-Chinese sample,Ours
sample_1683,0.9461227693996169,internal,non-Chinese sample,Ours
sample_5137,0.9292067799117794,internal,non-Chinese sample,Ours
sample_10462,0.9226259655959049,internal,non-Chinese sample,Ours
sample_5935,0.9475175419508697,internal,non-Chinese sample,Ours
sample_3845,0.8784202937697079,internal,non-Chinese sample,Ours
sample_3081,0.9016132323246925,internal,non-Chinese sample,Ours
sample_10275,0.9667638325583646,internal,non-Chinese sample,Ours
sample_2409,0.9342764324426146,internal,non-Chinese sample,Ours
sample_10533,0.9740541461175645,internal,non-Chinese sample,Ours
sample_6658,0.8658227982435723,internal,non-Chinese sample,Ours
sample_3668,0.8940989644334395,internal,non-Chinese sample,Ours
sample_1447,0.8937382668967672,internal,non-Chinese sample,Ours
sample_870,0.9327690917058505,internal,non-Chinese sample,Ours
sample_80,0.8944364872674344,internal,non-Chinese sample,Ours
sample_4250,0.8460240636510871,internal,non-Chinese sample,Ours
sample_2437,0.9299059204743824,internal,non-Chinese sample,Ours
sample_10269,0.9657374141421078,internal,non-Chinese sample,Ours
sample_10274,0.9144263625698699,internal,non-Chinese sample,Ours
sample_523,0.9423845483125376,internal,non-Chinese sample,Ours
sample_84,0.9032081584917374,internal,non-Chinese sample,Ours
sample_10634,0.994190304235851,internal,non-Chinese sample,Ours
sample_2989,0.8726454647496192,internal,non-Chinese sample,Ours
sample_1732,0.9367808824729053,internal,non-Chinese sample,Ours
sample_5651,0.9427962354657781,internal,non-Chinese sample,Ours
sample_1570,0.8843511549079378,internal,non-Chinese sample,Ours
sample_2553,0.9383719308553465,internal,Chinese sample,Ours
sample_4795,0.8927087361086098,internal,Chinese sample,Ours
sample_4837,0.8965237781817768,internal,Chinese sample,Ours
sample_3997,0.9235675763304181,internal,Chinese sample,Ours
sample_4146,0.9231978840611579,internal,Chinese sample,Ours
sample_1610,0.9180990383105105,internal,Chinese sample,Ours
sample_4788,0.9301527340820647,internal,Chinese sample,Ours
sample_3188,0.9335980280451426,internal,Chinese sample,Ours
sample_4122,0.9080188130981062,internal,Chinese sample,Ours
sample_900,0.9394514864634066,internal,Chinese sample,Ours
sample_4802,0.9130284415255873,internal,Chinese sample,Ours
sample_4830,0.7710370163477719,internal,Chinese sample,Ours
sample_2762,0.9396888521387288,internal,Chinese sample,Ours
sample_3988,0.8641077116828084,internal,Chinese sample,Ours
sample_1411,0.8776639807318,internal,Chinese sample,Ours
sample_6693,0.9074237434218528,internal,Chinese sample,Ours
sample_2647,0.9250789765124786,internal,Chinese sample,Ours
sample_4793,0.9301080983940012,internal,Chinese sample,Ours
sample_3993,0.9258824855367417,internal,Chinese sample,Ours
sample_6778,0.9178080554345505,internal,Chinese sample,Ours
sample_2638,0.9400206942922364,internal,Chinese sample,Ours
sample_5972,0.8457861255239965,internal,Chinese sample,Ours
sample_327,0.9252427559969362,internal,Chinese sample,Ours
sample_5153,0.9493590898872186,internal,Chinese sample,Ours
sample_6224,0.957980575445791,internal,Chinese sample,Ours
sample_3568,0.9242918680924889,internal,Chinese sample,Ours
sample_1387,0.9531069257292191,internal,Chinese sample,Ours
sample_3622,0.9203472780821684,internal,Chinese sample,Ours
sample_912,0.8916924875383373,internal,Chinese sample,Ours
sample_2703,0.9540534655543221,internal,Chinese sample,Ours
sample_2588,0.9253114381097224,internal,Chinese sample,Ours
sample_1957,0.9364240797371126,internal,Chinese sample,Ours
sample_3614,0.8915571248444165,internal,Chinese sample,Ours
sample_2793,0.9397237069447512,internal,Chinese sample,Ours
sample_3239,0.932201227230785,internal,Chinese sample,Ours
sample_2611,0.909164986949665,internal,Chinese sample,Ours
sample_3243,0.9218917893205307,internal,Chinese sample,Ours
sample_2689,0.9244230385353694,internal,Chinese sample,Ours
sample_3981,0.9223296759789178,internal,Chinese sample,Ours
sample_7131,0.9183241077871619,internal,Chinese sample,Ours
sample_4005,0.9252231647040241,internal,Chinese sample,Ours
sample_3980,0.9252607987679917,internal,Chinese sample,Ours
sample_4744,0.9258389653619719,internal,Chinese sample,Ours
sample_2721,0.8628070103061252,internal,Chinese sample,Ours
sample_315,0.937276233294605,internal,Chinese sample,Ours
sample_4742,0.8965003517200636,internal,Chinese sample,Ours
sample_3202,0.9375840758679843,internal,Chinese sample,Ours
sample_923,0.9243947862155895,internal,Chinese sample,Ours
sample_557,0.928708836372821,internal,Chinese sample,Ours
sample_2783,0.9230823110689492,internal,Chinese sample,Ours
sample_3631,0.934746066589667,internal,Chinese sample,Ours
sample_2606,0.9396167523145763,internal,Chinese sample,Ours
sample_3191,0.9371522533060611,internal,Chinese sample,Ours
sample_1605,0.9116441687823111,internal,Chinese sample,Ours
sample_2589,0.9575367401879413,internal,Chinese sample,Ours
sample_3335,0.9104466818748792,internal,Chinese sample,Ours
sample_4796,0.7853189606155065,internal,Chinese sample,Ours
sample_5968,0.9298522049421651,internal,Chinese sample,Ours
sample_1392,0.921351355779134,internal,Chinese sample,Ours
sample_907,0.9503053213203194,internal,Chinese sample,Ours
sample_5967,0.8798624800599945,internal,Chinese sample,Ours
sample_6233,0.9574893184062033,internal,Chinese sample,Ours
sample_4759,0.9404727285001339,internal,Chinese sample,Ours
sample_311,0.9511396077727057,internal,Chinese sample,Ours
sample_6681,0.9163617106770808,internal,Chinese sample,Ours
sample_4833,0.9438740216701821,internal,Chinese sample,Ours
sample_921,0.935258156138154,internal,Chinese sample,Ours
sample_901,0.8944246549451885,internal,Chinese sample,Ours
sample_303,0.9583356265934343,internal,Chinese sample,Ours
sample_2579,0.8135280728968519,internal,Chinese sample,Ours
sample_4791,0.9410588062710066,internal,Chinese sample,Ours
sample_929,0.8209129401880305,internal,Chinese sample,Ours
sample_2595,0.9544912913743309,internal,Chinese sample,Ours
sample_1409,0.8884179564523224,internal,Chinese sample,Ours
sample_1422,0.9109089106270267,internal,Chinese sample,Ours
sample_919,0.8989025203459328,internal,Chinese sample,Ours
sample_298,0.9312088961638211,internal,Chinese sample,Ours
sample_3632,0.9345392843899205,internal,Chinese sample,Ours
sample_2716,0.9369992003916007,internal,Chinese sample,Ours
sample_3144,0.9242778617336842,internal,Chinese sample,Ours
sample_296,0.9085588975120672,internal,Chinese sample,Ours
sample_4771,0.843989195338928,internal,Chinese sample,Ours
sample_5051,0.947484838817949,internal,Chinese sample,Ours
sample_2596,0.9491984173036218,internal,Chinese sample,Ours
sample_5635,0.9515504217491481,internal,Chinese sample,Ours
sample_1603,0.9100516405550191,internal,Chinese sample,Ours
sample_2674,0.9355173106281083,internal,Chinese sample,Ours
sample_3214,0.9179596578538903,internal,Chinese sample,Ours
sample_2727,0.9263778211933881,internal,Chinese sample,Ours
sample_3611,0.9460639031581343,internal,Chinese sample,Ours
sample_1402,0.9510687868141396,internal,Chinese sample,Ours
sample_2766,0.9347909121873135,internal,Chinese sample,Ours
sample_1955,0.9258022914642549,internal,Chinese sample,Ours
sample_1609,0.839835677483086,internal,Chinese sample,Ours
sample_5052,0.909635402525578,internal,Chinese sample,Ours
sample_4831,0.908536708209348,internal,Chinese sample,Ours
sample_2752,0.942075444899179,internal,Chinese sample,Ours
sample_329,0.9284085616616267,internal,Chinese sample,Ours
sample_4756,0.9275644635635989,internal,Chinese sample,Ours
sample_3160,0.9199815549376822,internal,Chinese sample,Ours
sample_2553,0.9191878914415574,internal,Chinese sample,UHGG
sample_4795,0.8586275144041601,internal,Chinese sample,UHGG
sample_4837,0.8347527989821498,internal,Chinese sample,UHGG
sample_3997,0.9231612902877219,internal,Chinese sample,UHGG
sample_4146,0.8710793666195493,internal,Chinese sample,UHGG
sample_1610,0.930841453889242,internal,Chinese sample,UHGG
sample_4788,0.9311153207130181,internal,Chinese sample,UHGG
sample_3188,0.9185890531198687,internal,Chinese sample,UHGG
sample_4122,0.9440754688073928,internal,Chinese sample,UHGG
sample_900,0.9233634734802686,internal,Chinese sample,UHGG
sample_4802,0.9031765808779144,internal,Chinese sample,UHGG
sample_4830,0.8981961109723128,internal,Chinese sample,UHGG
sample_2762,0.9424171909564605,internal,Chinese sample,UHGG
sample_3988,0.9052916124797799,internal,Chinese sample,UHGG
sample_1411,0.911030102713164,internal,Chinese sample,UHGG
sample_6693,0.9274746885917585,internal,Chinese sample,UHGG
sample_2647,0.9495615710579826,internal,Chinese sample,UHGG
sample_4793,0.9468108095571516,internal,Chinese sample,UHGG
sample_3993,0.9089244949975066,internal,Chinese sample,UHGG
sample_6778,0.9040555791851376,internal,Chinese sample,UHGG
sample_2638,0.9339606771732607,internal,Chinese sample,UHGG
sample_5972,0.9439066928096637,internal,Chinese sample,UHGG
sample_327,0.9148923879964094,internal,Chinese sample,UHGG
sample_5153,0.9162179739741362,internal,Chinese sample,UHGG
sample_6224,0.9286424169041511,internal,Chinese sample,UHGG
sample_3568,0.9197212919439931,internal,Chinese sample,UHGG
sample_1387,0.840461906504952,internal,Chinese sample,UHGG
sample_3622,0.8010379787224977,internal,Chinese sample,UHGG
sample_912,0.876508260948877,internal,Chinese sample,UHGG
sample_2703,0.8988096492283585,internal,Chinese sample,UHGG
sample_2588,0.9250418818113758,internal,Chinese sample,UHGG
sample_1957,0.9345625076022507,internal,Chinese sample,UHGG
sample_3614,0.933705967421471,internal,Chinese sample,UHGG
sample_2793,0.9329636127934279,internal,Chinese sample,UHGG
sample_3239,0.9330824843891609,internal,Chinese sample,UHGG
sample_2611,0.9460033642419233,internal,Chinese sample,UHGG
sample_3243,0.9167926821842696,internal,Chinese sample,UHGG
sample_2689,0.9211135396451111,internal,Chinese sample,UHGG
sample_3981,0.9179316280746004,internal,Chinese sample,UHGG
sample_7131,0.7811231257318114,internal,Chinese sample,UHGG
sample_4005,0.9143794706389469,internal,Chinese sample,UHGG
sample_3980,0.8744486787080102,internal,Chinese sample,UHGG
sample_4744,0.9453092704796057,internal,Chinese sample,UHGG
sample_2721,0.9441109716928449,internal,Chinese sample,UHGG
sample_315,0.8215665384129414,internal,Chinese sample,UHGG
sample_4742,0.9358840200829089,internal,Chinese sample,UHGG
sample_3202,0.9325510023234614,internal,Chinese sample,UHGG
sample_923,0.9068981519256569,internal,Chinese sample,UHGG
sample_557,0.9437911344527785,internal,Chinese sample,UHGG
sample_2783,0.8864620053307277,internal,Chinese sample,UHGG
sample_3631,0.8573524624902407,internal,Chinese sample,UHGG
sample_2606,0.9123582570481747,internal,Chinese sample,UHGG
sample_3191,0.9164486155201741,internal,Chinese sample,UHGG
sample_1605,0.9107944532310868,internal,Chinese sample,UHGG
sample_2589,0.9229113829874794,internal,Chinese sample,UHGG
sample_3335,0.9210499914434875,internal,Chinese sample,UHGG
sample_4796,0.9312157570607499,internal,Chinese sample,UHGG
sample_5968,0.9054956001406826,internal,Chinese sample,UHGG
sample_1392,0.9340324415335074,internal,Chinese sample,UHGG
sample_907,0.9177995678033255,internal,Chinese sample,UHGG
sample_5967,0.9396480492095551,internal,Chinese sample,UHGG
sample_6233,0.9241043030536542,internal,Chinese sample,UHGG
sample_4759,0.8872352019807312,internal,Chinese sample,UHGG
sample_311,0.9113118054797401,internal,Chinese sample,UHGG
sample_6681,0.9317162114234037,internal,Chinese sample,UHGG
sample_4833,0.7577126205310265,internal,Chinese sample,UHGG
sample_921,0.9312713013324028,internal,Chinese sample,UHGG
sample_901,0.9028058241254814,internal,Chinese sample,UHGG
sample_303,0.9200345983119612,internal,Chinese sample,UHGG
sample_2579,0.9274852124831935,internal,Chinese sample,UHGG
sample_4791,0.8748799638634775,internal,Chinese sample,UHGG
sample_929,0.8965451989590568,internal,Chinese sample,UHGG
sample_2595,0.9170245691231945,internal,Chinese sample,UHGG
sample_1409,0.8856939121291136,internal,Chinese sample,UHGG
sample_1422,0.9493232888068697,internal,Chinese sample,UHGG
sample_919,0.9100728398184998,internal,Chinese sample,UHGG
sample_298,0.9211156571333906,internal,Chinese sample,UHGG
sample_3632,0.9109771417647541,internal,Chinese sample,UHGG
sample_2716,0.931372995624586,internal,Chinese sample,UHGG
sample_3144,0.8880285708616797,internal,Chinese sample,UHGG
sample_296,0.9369101777993403,internal,Chinese sample,UHGG
sample_4771,0.9191249280026308,internal,Chinese sample,UHGG
sample_5051,0.9289082601833643,internal,Chinese sample,UHGG
sample_2596,0.903756749130926,internal,Chinese sample,UHGG
sample_5635,0.8371196554789747,internal,Chinese sample,UHGG
sample_1603,0.8932252398130341,internal,Chinese sample,UHGG
sample_2674,0.9332007337320983,internal,Chinese sample,UHGG
sample_3214,0.9226224960867011,internal,Chinese sample,UHGG
sample_2727,0.9339125494968605,internal,Chinese sample,UHGG
sample_3611,0.9163302748614995,internal,Chinese sample,UHGG
sample_1402,0.9126945241401486,internal,Chinese sample,UHGG
sample_2766,0.920301579712989,internal,Chinese sample,UHGG
sample_1955,0.9250785333877097,internal,Chinese sample,UHGG
sample_1609,0.919765194489517,internal,Chinese sample,UHGG
sample_5052,0.9429321199474071,internal,Chinese sample,UHGG
sample_4831,0.921331192303603,internal,Chinese sample,UHGG
sample_2752,0.9285238869942332,internal,Chinese sample,UHGG
sample_329,0.9182723465194964,internal,Chinese sample,UHGG
sample_4756,0.9317548918994621,internal,Chinese sample,UHGG
sample_3160,0.9261718174036628,internal,Chinese sample,UHGG
